id,query,response
1,Give me a quick Italian pasta recipe for dinner,"## Simple Garlic Parmesan Pasta

A quick and flavorful Italian-inspired dish perfect for a cozy dinner. It comes together in under 20 minutes and requires just a few pantry staples.

### Ingredients
* 8 oz (225 g) spaghetti or your favorite pasta
* 3 cloves garlic, minced
* 2 tablespoons olive oil
* 1/2 cup grated Parmesan cheese
* Salt and freshly ground black pepper, to taste
* Fresh parsley, chopped (optional)

### Instructions
1. Cook the pasta in boiling salted water according to package instructions until al dente. Reserve 1/2 cup of pasta water, then drain.
2. In a large skillet, heat the olive oil over medium heat. Add the minced garlic and sauté for about 1 minute until fragrant, but not browned.
3. Toss the cooked pasta into the skillet with the garlic oil. Add a splash of reserved pasta water to loosen the sauce.
4. Stir in the Parmesan cheese until melted and coated evenly. Season with salt and pepper to taste.
5. Garnish with chopped parsley if desired. Serve immediately!

### Tips
- For extra flavor, add a pinch of red pepper flakes or a squeeze of lemon juice.
- You can also toss in cooked chicken or sautéed vegetables for added protein and texture."
2,What's a healthy vegan dessert I can make at home?,"## Creamy Avocado Mango Smoothie Bowl

This vibrant and healthy vegan dessert is packed with fiber, healthy fats, and refreshing flavors. It’s easy to make and perfect for satisfying your sweet tooth in a nutritious way!

### Ingredients
* 1 ripe avocado
* 1 ripe mango (peeled and chopped)
* 1 banana (for extra creaminess)
* 1/2 cup almond or coconut milk (unsweetened)
* 1 tbsp maple syrup or agave nectar (optional)
* Toppings: sliced fresh fruit, granola, chia seeds, coconut flakes

### Instructions
1. In a blender, combine the avocado, mango, banana, almond milk, and sweetener (if using).
2. Blend until smooth and creamy, adding more milk if needed to reach your desired consistency.
3. Pour into a bowl and top with your favorite garnishes like sliced fruit, granola, chia seeds, or coconut flakes.
4. Enjoy immediately for a cool, nourishing treat!

### Tips
- Use frozen mango and banana for an even thicker, ice-cream-like texture.
- Add a squeeze of lime juice for extra zing.
- Customize toppings based on what you have on hand!

This smoothie bowl makes a perfect vegan dessert or a wholesome breakfast. Enjoy!"
9,I want a snack idea for kids that is both healthy and fun,"## Rainbow Veggie Wraps

Bright, colorful, and packed with nutrients, these Rainbow Veggie Wraps are perfect for kids and make snack time fun and healthy! They are easy to assemble and can be customized with favorite veggies.

### Ingredients
* Whole wheat tortillas or wraps
* Cream cheese or hummus
* Sliced bell peppers (red, yellow, green)
* Shredded carrots
* Cucumber sticks
* Lettuce or spinach leaves
* Optional: turkey slices or grilled chicken strips for added protein

### Instructions
1. **Spread** a thin layer of cream cheese or hummus over the tortilla.
2. **Lay** lettuce or spinach leaves on one edge of the wrap.
3. **Arrange** strips of bell peppers, shredded carrots, and cucumber sticks over the greens.
4. **Add** turkey or chicken if desired.
5. **Roll** tightly to enclose the fillings.
6. **Cut** the wrap into bite-sized pinwheels or halves for easy handling.
7. **Serve** immediately or pack in a lunchbox for a colorful on-the-go snack!

### Tips
- Use kid-friendly, mild-flavored hummus or cream cheese for a creamier taste.
- Feel free to swap in favorite veggies like cherry tomatoes or shredded cheese.
- For a fun twist, let kids pick their own fillings during assembly!"
4,I have chicken,"## Juicy Garlic & Herb Chicken Breast

This simple yet flavorful chicken breast recipe is perfect for a quick dinner or meal prep. It’s juicy, tender, and infused with aromatic garlic and herbs.

### Ingredients
* 2 boneless, skinless chicken breasts
* 3 cloves garlic, minced
* 2 tbsp olive oil
* 1 tsp dried thyme or rosemary (or any herb mix)
* Salt and freshly ground black pepper, to taste
* Optional: Lemon wedges for serving

### Instructions
1. **Prepare the chicken:** Pat the chicken breasts dry with paper towels. Season both sides generously with salt, pepper, and herbs.
2. **Cook the chicken:** Heat the olive oil in a skillet over medium heat. Add the chicken breasts and cook for about 6-7 minutes per side, until golden brown and cooked through.
3. **Add garlic:** During the last minute of cooking, add the minced garlic to the skillet and sauté for about 30 seconds until fragrant.
4. **Serve:** Let rest for a few minutes, then slice and serve with lemon wedges or your favorite side dishes.

### Tips
- For extra flavor, marinate the chicken with garlic, herbs, and olive oil for 30 minutes before cooking.
- This recipe pairs beautifully with roasted vegetables or rice."
10,What can I cook with just eggs and tomatoes?,"## Simple Egg and Tomato Skillet

This easy and delicious dish combines the bright flavors of tomatoes with the comforting heartiness of eggs. Perfect for a quick breakfast, lunch, or light dinner!

### Ingredients
* 2 large eggs
* 2 ripe tomatoes (or a handful of cherry tomatoes)
* 1 tablespoon oil or butter
* Salt and pepper to taste
* Optional: herbs like basil, parsley, or cilantro

### Instructions
1. **Prepare the tomatoes:** Chop the tomatoes into small pieces if using large tomatoes, or halve cherry tomatoes.
2. **Cook the tomatoes:** Heat the oil or butter in a skillet over medium heat. Add the tomatoes and cook for 2-3 minutes until they soften and release some juice. Season with a pinch of salt and pepper.
3. **Add the eggs:** Crack the eggs directly over the tomatoes or gently scramble them in the skillet. Cook for 2-3 minutes until the eggs are set to your liking.
4. **Finish and serve:** Garnish with fresh herbs if available. Serve hot, possibly with toasted bread.

### Tips
- For a runnier yolk, cook the eggs for a shorter time.
- Add cheese or spices if you have them for extra flavor.
- You can also turn this into a tomato and egg pasta by mixing cooked pasta into the skillet.

Enjoy this simple, flavorful, and nutritious dish!"
6,Show me a dinner recipe that takes under 20 minutes,"## Quick Stir-Fry Veggie & Chicken Dinner

This vibrant and flavorful stir-fry comes together in under 20 minutes, making it perfect for a busy weeknight. Packed with fresh vegetables and tender chicken, it's a wholesome meal you'll love.

### Ingredients
* 2 boneless, skinless chicken breasts, sliced into thin strips
* 2 cups mixed vegetables (bell peppers, broccoli florets, snap peas, or carrots)
* 2 cloves garlic, minced
* 2 tablespoons soy sauce
* 1 tablespoon oyster sauce (optional)
* 1 tablespoon vegetable oil
* Cooked rice or noodles (for serving)
* Sesame seeds and chopped green onions (optional, for garnish)

### Instructions
1. **Prepare ingredients:** Slice chicken breasts and vegetables. Mince garlic.
2. **Cook chicken:** Heat oil in a large skillet or wok over medium-high heat. Add chicken and cook until no longer pink, about 4-5 minutes.
3. **Add vegetables and sauce:** Toss in garlic and mixed vegetables. Stir-fry for another 3-4 minutes until vegetables are tender-crisp. Add soy sauce and oyster sauce, stirring well to coat everything evenly.
4. **Serve:** Spoon the stir-fry over cooked rice or noodles. Garnish with sesame seeds and green onions if desired.

### Tips
- Use pre-cut vegetables to save time.
- Swap chicken for tofu or shrimp for variety.
- Adjust soy sauce for more or less saltiness.

Enjoy your quick and tasty dinner!"
3,Can you suggest a gluten-free breakfast that's not boring?,"## Vibrant Quinoa & Veggie Breakfast Bowls

Start your day with a colorful, nutritious, and gluten-free breakfast that’s anything but boring! Packed with protein, fiber, and fresh veggies, this bowl will energize you and delight your taste buds.

### Ingredients
* 1 cup cooked quinoa
* 1/2 cup cherry tomatoes, halved
* 1/2 avocado, sliced
* 1/4 cup shredded cheese (cheddar or feta work well, optional)
* 2 beaten eggs (or tofu scramble for vegan version)
* 1 tablespoon olive oil
* Salt and pepper to taste
* Fresh herbs (parsley, basil) for garnish

### Instructions
1. **Cook the quinoa** according to package instructions and set aside to cool slightly.
2. **Sauté the veggies:** Heat olive oil in a skillet over medium heat. Sauté cherry tomatoes briefly until just softened.
3. **Scramble the eggs:** Add beaten eggs to the skillet, stirring gently until cooked through, or scramble tofu if vegan.
4. **Assemble the bowl:** Place cooked quinoa in a bowl, top with scrambled eggs or tofu, avocado slices, sautéed tomatoes, and cheese if using.
5. **Garnish and serve:** Sprinkle with fresh herbs, season with salt and pepper, and enjoy!

### Tips
- You can add other veggies like spinach, bell peppers, or radishes for extra crunch and nutrition.
- For a touch of heat, drizzle with hot sauce or sprinkle red pepper flakes.
- Make it ahead: cook the quinoa in advance for a quick morning assembly."
5,I need a simple lunch idea for work that I can pack easily,"## Easy Chicken Wraps for a Delicious Lunch

These chicken wraps are quick to prepare, portable, and perfect for a satisfying work lunch. Filled with flavorful ingredients, they can be customized to your taste and made ahead of time.

### Ingredients
* 2 cooked chicken breasts, shredded or sliced
* 4 large tortillas or wraps
* 1/2 cup hummus or mayonnaise
* 1 cup fresh spinach or lettuce
* 1/2 cucumber, sliced
* 1/2 bell pepper, sliced
* Salt and pepper to taste

### Instructions
1. Spread a generous layer of hummus or mayonnaise on each tortilla.
2. Divide the shredded chicken evenly among the tortillas.
3. Add spinach or lettuce, cucumber, and bell pepper on top of the chicken.
4. Season with salt and pepper if desired.
5. Roll up each tortilla tightly, tucking in the sides as you go.
6. Wrap each in foil or plastic wrap for easy transport, and refrigerate until ready to pack.

### Tips
- Add a slice of cheese or a dash of hot sauce for extra flavor.
- These wraps are best enjoyed fresh but can be stored in the fridge for up to 24 hours."
7,How do I bake something easy with no prior baking skills?,"## Easy No-Bake Chocolate Cookies

This no-fuss recipe is perfect for beginners and requires no baking skills! Just a stovetop and some basic ingredients to create delicious, chocolaty treats in minutes.

### Ingredients
* 1/2 cup (115g) unsalted butter
* 2 cups (150g) rolled oats
* 1/2 cup (40g) cocoa powder
* 1 cup (200g) sugar
* 1/2 cup (120ml) milk
* 1 teaspoon vanilla extract
* Optional: 1/2 cup (90g) mini chocolate chips or chopped nuts

### Instructions
1. **Prepare your workspace:** Line a baking sheet with parchment paper or a silicone mat.
2. **Combine ingredients:** In a medium saucepan, melt the butter over medium heat. Add sugar, cocoa powder, and milk, stirring constantly until the mixture is smooth and begins to boil.
3. **Boil briefly:** Let the mixture boil for about 1 minute, then remove from heat.
4. **Mix in oats and flavoring:** Stir in the vanilla extract and oats (plus chocolate chips or nuts if using) until evenly coated.
5. **Form cookies:** Drop spoonfuls of the mixture onto the prepared sheet, shaping them into little mounds.
6. **Cool and set:** Let the cookies cool at room temperature for 30 minutes until firm.

### Tips
- Be sure to watch the mixture carefully while boiling to prevent burning.
- You can customize these cookies with peanut butter, dried fruit, or coconut flakes for extra flavor.

Enjoy your easy, no-bake chocolate treats!"
8,Can you give me a spicy Thai curry recipe?,"## Spicy Thai Green Curry

This vibrant and fiery Thai Green Curry combines fragrant herbs and bold flavors for a deliciously spicy dish that's quick to prepare and perfect for a cozy night in. Enjoy the perfect balance of heat, creaminess, and aromatic herbs!

### Ingredients
- 1 tablespoon vegetable oil
- 3-4 tablespoons Thai green curry paste (adjust for spice level)
- 1 can (400ml) coconut milk
- 1 cup chicken or vegetable broth
- 1 pound chicken breast or tofu, cut into bite-sized pieces
- 1 cup sliced bell peppers (red, green, or yellow)
- 1 cup zucchini, sliced
- 1 cup snap peas or green beans
- 2 tablespoons fish sauce or soy sauce
- 1 tablespoon brown sugar
- Fresh Thai basil leaves
- Lime wedges, for serving
- Cooked jasmine rice, for serving

### Instructions
1. **Heat the Oil:** In a large pan or wok, heat the vegetable oil over medium heat.
2. **Cook the Curry Paste:** Add the green curry paste and sauté for 1-2 minutes until fragrant.
3. **Add Coconut Milk and Broth:** Pour in the coconut milk and chicken (or tofu) broth, stirring well to combine.
4. **Simmer the Protein:** Add the chicken or tofu and cook for 5-7 minutes until nearly cooked through.
5. **Add Vegetables:** Stir in bell peppers, zucchini, and snap peas. Simmer for another 5 minutes until vegetables are tender.
6. **Season and Finish:** Stir in fish sauce (or soy sauce) and brown sugar. Adjust seasoning to taste.
7. ** Serve:** Garnish with Thai basil leaves, squeeze lime over the top, and serve hot over jasmine rice.

### Tips
- For extra heat, add sliced Thai bird’s eye chilies.
- Use your preferred protein or even plant-based alternatives.
- To make it vegetarian, simply omit the fish sauce or substitute with soy sauce.

Enjoy this fiery Thai Green Curry that’s bursting with flavor!"
